TrackName,ArtistName,Genre,Energy,Danceability,Valence,Popularity,TrackCover,TrackPreview
Señorita,Shawn Mendes,Pop,55,76,75,79,https://www.lahiguera.net/musicalia/artistas/shawn_mendes/disco/9115/tema/21072/shawn_mendes_senorita-portada.jpg,https://open.spotify.com/embed/track/0TK2YIli7K1leLovkQiNik
China,Anuel AA,Reguetón,81,79,61,92,https://i1.wp.com/www.emisorasmusicales.net/inc/uploads/2020/04/Anuel-AA-China.jpg?fit=500%2C500&ssl=1,https://open.spotify.com/embed/track/2ksOAxtIxY8yElEWw8RhgK
Boyfriend,Ariana Grande,Pop,80,40,70,85,https://www.lahiguera.net/musicalia/artistas/varios/disco/0/tema/21298/boyfriend-portada.jpg,https://open.spotify.com/embed/track/0Ryd8975WihbObpp5cPW1t
Beautiful People,Ed Sheeran,Pop,65,64,55,86,https://www.songstraducidas.com/imgs-bands/2/op-1571932066.jpg,https://open.spotify.com/embed/track/4evmHXcjt3bTUHD1cvny97
Goodbyes,Post Malone,Rap,65,58,18,94,https://www.dodmagazine.es/wp-content/uploads/2019/09/post-malone-hollywoods-bleeding.jpg,https://open.spotify.com/embed/track/0t3ZvGKlmYmVsDzBJAXK8C
I Dont Care,Ed Sheeran,Pop,68,80,84,84,https://jenesaispop.com/wp-content/uploads/2019/05/edsheeran-idontcare.jpg,https://open.spotify.com/embed/track/3HVWdVOQ0ZA45FuZGSfvns
Ransom,Lil Tecca,Trap,64,75,23,92,https://img.discogs.com/aPap3xIStabM4kgSF2zoM3zmUn0=/fit-in/300x300/filters:strip_icc():format(jpeg):mode_rgb():quality(40)/discogs-images/R-14417349-1574103794-9294.jpeg.jpg,https://open.spotify.com/embed/track/1lOe9qE0vR9zwWQAOk6CoO
How Do You Sleep?,Sam Smith,Pop,68,48,35,90,https://www.alexurbanpop.com/wp-content/uploads/2019/07/Sam-Smith-How-Do-You-Sleep-500x500.jpg,https://open.spotify.com/embed/track/6b2RcmUt1g9N9mQ3CbjX2Y
Old Town Road - Remix,Lil Nas X,Rap,62,88,64,87,https://s3.amazonaws.com/broadtime_photo/418461074602,https://open.spotify.com/embed/track/2YpeDb67231RjR0MgVLzsG
Bad guy,Billie Eilish,Electropop,43,70,56,95,https://lastfm.freetls.fastly.net/i/u/770x0/ca848c12851bc2fa4a09bcc6f6e226c5.jpg,https://open.spotify.com/embed/track/2Fxmhks0bxGSBdJ92vM42m
Callaita,Bad Bunny,Reguetón,62,61,24,93,https://i.pinimg.com/564x/f3/ff/1f/f3ff1f7e3a2cefbb2407d60085eb285d.jpg,https://open.spotify.com/embed/track/2TH65lNHgvLxCKXM3apjxI
Loco Contigo,DJ Snake,Pop,71,82,38,86,https://images.genius.com/0c22b85fa06b85f4878785b3479e4dbd.1000x1000x1.jpg,https://open.spotify.com/embed/track/6osaMSJh9NguagEDQcZaKx
Someone You Loved,Lewis Capaldi,Pop,41,50,45,88,https://i.pinimg.com/736x/24/1c/01/241c012fa263e1b21c0793e6806ad05d.jpg,https://open.spotify.com/embed/track/7qEHsqek33rTcFNT9PFqLf
Otro Trago - Remix,Sech,Reguetón,79,73,76,87,https://i.pinimg.com/originals/fc/36/94/fc3694cd92f4e7ff58264a13ae4a4fd8.jpg,https://open.spotify.com/embed/track/4bTZeO72FwMa6wKOiqoynL
Money In The Grave,Drake,Hip Hop,50,83,10,92,https://www.fotoconciertos.com/wp-content/uploads/2019/06/drake_omerta_money_in_the_grave.jpg,https://open.spotify.com/embed/track/5ry2OE6R2zPQFDO85XkgRb
No Guidance,Chris Brown,Pop,45,70,14,82,https://i.pinimg.com/originals/2f/2b/6b/2f2b6b10dfae1c4780922bd3b176091f.jpg,https://open.spotify.com/embed/track/6XHVuErjQ4XNm6nDPVCxVX
LA CANCIÓN,J Balvin,Reguetón,65,75,43,90,https://images-na.ssl-images-amazon.com/images/I/71u5qaVO%2BAL._SL1500_.jpg,https://open.spotify.com/embed/track/0fea68AdmYNygeTGI4RC18
Sunflower Remix,Post Malone,Rap,48,76,91,91,https://lastfm.freetls.fastly.net/i/u/ar0/3f0969bcbfde83e6644825ca434bdda5.jpg,https://open.spotify.com/embed/track/0wt9RjddODlWDetpuaXfRK
Lalala,Y2K,Hip Hop,39,84,50,88,https://images-na.ssl-images-amazon.com/images/I/510qHaSTROL._SX342_QL70_ML2_.jpg,https://open.spotify.com/embed/track/51Fjme0JiitpyXKuyQiCDo
Truth Hurts,Lizzo,escape room,62,72,41,91,https://jenesaispop.com/wp-content/uploads/2019/04/lizzo_cuz-i-love-you.jpg,https://open.spotify.com/embed/track/5qmq61DAAOUaW8AUo8xKhh
Piece Of Your Heart,MEDUZA,Pop house,74,68,63,91,https://img.discogs.com/Rt_T4L5VsJ79HRcpOnPrVM3bB5I=/fit-in/500x500/filters:strip_icc():format(jpeg):mode_rgb():quality(90)/discogs-images/R-13289154-1551459416-8443.jpeg.jpg,https://open.spotify.com/embed/track/1DFD5Fotzgn6yYXkYsKiGs
Panini,Lil Nas X,Rap,59,70,48,91,https://img.discogs.com/R-n99VjDBWQff1QZ_IsHO79WR0g=/fit-in/600x600/filters:strip_icc():format(jpeg):mode_rgb():quality(90)/discogs-images/R-14610561-1578145224-4672.jpeg.jpg,https://open.spotify.com/embed/track/6fTt0CH2t0mdeB2N9XFG5r
No Me Conoce - Remix,Jhay Cortez,Reguetón,79,81,58,83,https://i.scdn.co/image/ab67616d0000b273552837b3e37071cbf3c9dc53,https://open.spotify.com/embed/track/7rknFhrVDyxzTJkPSf7LoW
Soltera - Remix,Lunay,Reguetón,78,80,80,91,https://m.media-amazon.com/images/I/81qUsxy3wwL._SS500_.jpg,https://open.spotify.com/embed/track/1c0hsvHLELX6y8qymnpLKL
Tusa,Karol G,Reguetón,72,80,60,94,https://www.lahiguera.net/musicalia/artistas/varios/disco/0/tema/21981/tusa-portada.jpg,https://open.spotify.com/embed/track/7k4t7uLgtOxPwTpFmtJNTY
If I Can´t Have You,Shawn Mendes,Pop,82,69,87,70,https://i.pinimg.com/originals/41/1e/bf/411ebfd34e3b6a66e5a46b7e3cdef12c.jpg,https://open.spotify.com/embed/track/6LsAAHotRLMOHfCsSfYCsz
Dance Monkey,Tones and I,Pop,59,82,54,83,https://m.media-amazon.com/images/I/81euLNIeQZL._SS500_.jpg,https://open.spotify.com/embed/track/5ZULALImTm80tzUbYQYM9d
It´s You,Ali Gatie,Hip Hop,46,73,40,89,https://i.scdn.co/image/ab67616d0000b27350a744f0ef5c3e260d9de720,https://open.spotify.com/embed/track/5DqdesEfbRyOlSS3Tf6c29
Con Calma,Daddy Yankee,Reguetón,86,74,66,91,https://i.scdn.co/image/ab67616d0000b273896ffcd42561c44fea2bae7b,https://open.spotify.com/embed/track/5w9c2J52mkdntKOmRLeM2m
QUE PRETENDES,J Balvin,Reguetón,79,64,94,89,https://images-na.ssl-images-amazon.com/images/I/71u5qaVO%2BAL._SL1500_.jpg,https://open.spotify.com/embed/track/25ZAibhr3bdlMCLmubZDVt
Takeaway,The Chainsmokers,Edm,51,29,36,84,https://i.scdn.co/image/ab67616d0000b273830ba1c24fc9e3d59517e5ec,https://open.spotify.com/embed/track/3g0mEQx3NTanacLseoP0Gw
7 rings,Ariana Grande,Pop,32,78,33,89,https://i.scdn.co/image/ab67616d0000b27356ac7b86e090f307e218e9c8,https://open.spotify.com/embed/track/6ocbgoVGwYJhOv1GgI9NsF
11PM,Maluma,Reguetón,71,78,68,89,https://i.scdn.co/image/ab67616d0000b273073bc2070f7fa02b2a6bda64,https://open.spotify.com/embed/track/7KbF6AdprOXEEHlsq11Z6d
The London,Young Thug,Hip Hop,59,80,18,89,https://i.scdn.co/image/ab67616d0000b273137c2d3150118e7157800c5b,https://open.spotify.com/embed/track/7DcvwMAiqKJQD1rrdfxSDx
Never Really Over,Katy Perry,Pop,88,77,39,89,https://i.scdn.co/image/ab67616d0000b2739bea3b79b95f86d1b66ac960,https://open.spotify.com/embed/track/5PYQUBXc7NYeI1obMKSJK0
Summer Days,Martin Garrix,Electronic,72,66,32,89,https://i.scdn.co/image/ab67616d0000b273d7658a5bf66a2f3f11878bdf,https://open.spotify.com/embed/track/7Feaw9WAEREY0DUOSXJLOM
Otro Trago,Sech,Reguetón,70,75,62,91,https://images.genius.com/d2137d217c2b8b73d9f4df7c0a9daced.1000x1000x1.jpg,https://open.spotify.com/embed/track/1Ej96GIBCTvgH7tNX1r3qr
Antisocial,Ed Sheeran,Pop,82,72,91,87,https://i.scdn.co/image/ab67616d0000b2737ed2a6d678a53a5959b2894f,https://open.spotify.com/embed/track/1DhRbox3xkceP64k3JeYfW
Sucker,Jonas Brothers,Pop,73,84,95,80,https://i.scdn.co/image/ab67616d0000b273de1a3a5eaa0c75bb18e7b597,https://open.spotify.com/embed/track/22vgEDb5hykfaTwLuskFGD
Fuck im lonely,Lauv,Pop,56,81,68,78,https://i.scdn.co/image/ab67616d0000b2733e49776f5eb467fcd17273a9,https://open.spotify.com/embed/track/09PGubKAMryhOWv1LHpCYz
Higher Love,Kygo,Edm,68,69,40,88,https://i.scdn.co/image/ab67616d0000b2737c8977a0ad3a3a0627be9ed7,https://open.spotify.com/embed/track/6oJ6le65B3SEqPwMRNXWjY
You Need To Calm Down,Taylor Swift,Pop,68,77,73,90,https://i.scdn.co/image/ab67616d0000b273e787cffec20aa2a396a61647,https://open.spotify.com/embed/track/6RRNNciQGZEXnqk8SQ9yv5
Shallow,Lady Gaga,Pop,39,57,32,87,https://i.scdn.co/image/ab67616d0000b273e2d156fdc691f57900134342,https://open.spotify.com/embed/track/2VxeLyX666F8uXCJ0dZF8B
Talk,Khalid,Pop,40,90,35,84,https://i.scdn.co/image/ab67616d0000b2730eb47b2eec859a783ceb72c8,https://open.spotify.com/embed/track/0rTV5WefWd1J3OwIheTzxM
Con Altura,ROSALÍA,R&B,69,88,75,88,https://i.scdn.co/image/ab67616d0000b27365b0e3e1bd8b5fe2f602c1ea,https://open.spotify.com/embed/track/2qG5sZ7Si6sdK74qLxedYM
One Thing Right,Marshmello,Electronic,62,66,44,88,https://i.scdn.co/image/ab67616d0000b273f0d9f552f55d802413da1002,https://open.spotify.com/embed/track/4hPpVbbakQNv8YTHYaOJP4
Te Robaré,Nicky Jam,Reguetón,75,67,80,88,https://i.scdn.co/image/ab67616d0000b273072a21c666bf2f7b3fababef,https://open.spotify.com/embed/track/4PJ3umtW1aWdfh5EITHc6T
Happier,Marshmello,Electronic,79,69,67,88,https://i.scdn.co/image/ab67616d0000b27304bfd5a5fd5aa6ca648f66aa,https://open.spotify.com/embed/track/2dpaYNEQHiRxtZbfNsse99
Call You Mine,The Chainsmokers,Edm,70,59,50,88,https://i.scdn.co/image/ab67616d0000b273830ba1c24fc9e3d59517e5ec,https://open.spotify.com/embed/track/2oejEp50ZzPuQTQ6v54Evp
Cross Me,Ed Sheeran,Pop,79,75,61,82,https://i.scdn.co/image/ab67616d0000b273f1d4fe9b36aa7be708ea44ea,https://open.spotify.com/embed/track/543bCW2ruMPmxUBWirQ3MR
Tu Historia y la Mía,Hens,Rap,73,70,54,54,https://i.scdn.co/image/ab67616d0000b273e59f0d68037549eb4bedecf7,https://open.spotify.com/embed/track/4ptmvueuWgilsYwI6u9V46
Dakiti,Bad Bunny,Reguetón,57,73,54,78,https://i.scdn.co/image/ab67616d0000b27334c8199b0b3b3fb42b8a98a8,https://open.spotify.com/embed/track/47EiUVwUp4C9fGccaPuUCS
Loco - Remix,Farruko,Reguetón,53,91,74,65,https://i.pinimg.com/736x/0c/6a/55/0c6a5544fecbd3a3ce5cedeead1a4ff1.jpg,https://open.spotify.com/embed/track/6nGM44ZP7vSo0istUW2MOq
Batmóvil - Remix,Hens,Rap,84,66,39,43,https://i.scdn.co/image/ab67616d0000b273daa17ef0ac828298087d8fd5,https://open.spotify.com/embed/track/3yOmf3oK10XIVRc99bwSyO
Tú Me Dejaste De Querer,C Tangana,Pop,75,81,49,89,https://i.scdn.co/image/ab67616d0000b2736535637d44308d9b7db932ba,https://open.spotify.com/embed/track/0XinBYhf1X3kdvKQHOX971
Demasiadas Mujeres,C Tangana,Pop,46,67,37,77,https://i0.wp.com/www.vinilonegro.com/wp-content/uploads/2020/10/C.-Tangana-64-1-e1602673652495.jpg?fit=600%2C400&ssl=1,https://open.spotify.com/embed/track/2iUz95Osgl4fFZbNJ0xuoD
Nunca Estoy,C Tangana,Pop,38,92,40,91,https://i.scdn.co/image/ab67616d0000b273d35bd135d794027fceeb496b,https://open.spotify.com/embed/track/6f4LYJwICqxoAILj82kwB0
Mi huella,Ptazeta,Pop,75,71,77,57,https://i.scdn.co/image/7f9086751f9272ca624f1fa9ae46fb380fda5ca5,https://open.spotify.com/embed/track/2ZpP2JzjOHH002EA7ybQXc
Sin Culpa,Duki,Trap,65,64,40,73,https://i.scdn.co/image/ab67616d0000b27316fb2622c2494600430a48c3,https://open.spotify.com/embed/track/03PZ9C7f90TLbDk3dYjBd2
Hawái,Maluma,Pop,73,78,56,84,https://m.media-amazon.com/images/I/81H2W8QmxnL._SS500_.jpg,https://open.spotify.com/embed/track/4uoR6qeWeuL4Qeu2qJzkuG
Ayer Me Llamó Mi Ex,Khea,Trap,72,76,55,90,https://i.scdn.co/image/ab67616d0000b273de5f42ef97a444b422252046,https://open.spotify.com/embed/track/6C6mUonH6MNdSg5pw7kOc9
Mamichula,Trueno,Trap,68,70,35,97,https://rocksalta.com/wp-content/uploads/2020/09/atrevido-trueno.jpg,https://open.spotify.com/embed/track/4pXW6ZAHBz7ODXTRKklWrM
Sold Out Dates,Duki,Trap,72,75,27,76,https://i.scdn.co/image/ab67616d0000b273f2e1551cc5dc2656d9376f40,https://open.spotify.com/embed/track/25rJp2UNyZWmBSoVDzjRss
She Dont Give a Fo,Duki,Trap,56,85,34,89,https://lastfm.freetls.fastly.net/i/u/770x0/0ed73df3ca5f01e24f14e60035f2280a.jpg,https://open.spotify.com/embed/track/03a359wbiUsjN9h6yzXvmS
Goteo,Duki,Trap,78,48,43,98,https://lastfm.freetls.fastly.net/i/u/770x0/28a21a1b870fc54ed890eef39ba0ea61.jpg,https://open.spotify.com/embed/track/1EoEU4HY57qaITp06TkC6B
Hablamos Mañana,Bad Bunny,Trap,68,68,51,87,https://i.scdn.co/image/ab67616d0000b273548f7ec52da7313de0c5e4a0,https://open.spotify.com/embed/track/1V8XneTrX6kKeoxYbk4x6h
Loca - Remix,Khea,Trap,75,80,54,76,https://i.scdn.co/image/ab67616d0000b27360a1b828beab034f65ad785b,https://open.spotify.com/embed/track/2ECIwi1a7mfokdDkkJ08Ne
Hello Cotto,Duki,Trap,89,68,43,67,https://i.scdn.co/image/4e3996bda6e92cfb8d11d44638b54c08b5f8b79a,https://open.spotify.com/embed/track/422Avi2VjqZKCVzstKmqog
Café,Duki,Trap,55,91,49,63,https://i.scdn.co/image/ab67616d0000b273fea5ddcc58a875388ce53771,https://open.spotify.com/embed/track/2vHfWA1QJh66ln7dhy4QUN
Rockstar,Duki,Trap,86,89,33,72,https://i.scdn.co/image/ba01e95e15f75b87656662fcfb828f109472305f,https://open.spotify.com/track/3E4ZzO4ySupnYypDPXcc3D
Hitboy,Duki,Trap,63,81,61,54,https://i.pinimg.com/736x/f0/ca/35/f0ca35ef2dc2c340bba340cf5dc27dcd.jpg,https://open.spotify.com/embed/track/624AL3EwsrgGIp6bdwmXgo
No Me Llores,Duki,Trap,68,53,16,42,https://i.scdn.co/image/ab67616d0000b2734b4c8cd09812573b6d288abc,https://open.spotify.com/embed/track/2fBL047Cv32R3UFEup6xkP
Sangría,Trueno,Trap,79,67,91,79,https://rocksalta.com/wp-content/uploads/2020/09/atrevido-trueno.jpg,https://open.spotify.com/embed/track/51aMyZzlIOitdIA4vyF0JO
Changes,XXXTentacion,Trap,31,67,52,72,https://lastfm.freetls.fastly.net/i/u/770x0/752214b0aaf82c797dc7fff7c89c31d5.jpg,https://open.spotify.com/embed/track/7AFASza1mXqntmGtbxXprO
SAD!,XXXTentacion,Trap,61,74,48,65,https://lastfm.freetls.fastly.net/i/u/770x0/752214b0aaf82c797dc7fff7c89c31d5.jpg,https://open.spotify.com/embed/track/3ee8Jmje8o58CHK66QrVC2
Jocelyn Flores,XXXTentacion,Trap,39,87,43,45,https://i.scdn.co/image/ab67616d0000b273203c89bd4391468eea4cc3f5,https://open.spotify.com/embed/track/7m9OqQk4RVRkw9JJdeAw96
Moonlight,XXXTentacion,Trap,54,92,71,60,https://lastfm.freetls.fastly.net/i/u/770x0/752214b0aaf82c797dc7fff7c89c31d5.jpg,https://open.spotify.com/embed/track/0JP9xo3adEtGSdUEISiszL
Look At Me!,XXXTentacion,Trap,73,76,35,92,https://lastfm.freetls.fastly.net/i/u/770x0/f3511286965fbb86497f1a62d09e6550.jpg,https://open.spotify.com/embed/track/7floNISpH8VF4z4459Qo18
Hasta Que Dios Diga,Anuel AA,Reguetón,77,70,86,76,https://i.scdn.co/image/ab67616d0000b2733cb695bfc1246bdf66161fce,https://open.spotify.com/embed/track/06s3QtMJVXw1AJX3UfvZG1
Safaera,Bad Bunny,Reguetón,83,61,69,99,https://i.scdn.co/image/ab67616d0000b273548f7ec52da7313de0c5e4a0,https://open.spotify.com/embed/track/2DEZmgHKAvm41k4J3R2E9Y
Yo Perreo Sola,Bad Bunny,Reguetón,76,86,46,100,https://i.scdn.co/image/ab67616d0000b273548f7ec52da7313de0c5e4a0,https://open.spotify.com/embed/track/0SqqAgdovOE24BzxIClpjw
Ignorantes,Bad Bunny,Reguetón,54,85,51,88,https://i.scdn.co/image/ab67616d0000b273548f7ec52da7313de0c5e4a0,https://open.spotify.com/embed/track/38RIEav39FGi86jppxO0du
<3,Bad Bunny,Trap,67,63,64,87,https://i.scdn.co/image/ab67616d0000b273548f7ec52da7313de0c5e4a0,https://open.spotify.com/embed/track/4MZSqgwlE71CWZ6qQ3gkKm
Está Cabrón Ser Yo,Bad Bunny,Trap,85,81,88,89,https://i.scdn.co/image/ab67616d0000b273548f7ec52da7313de0c5e4a0,https://open.spotify.com/embed/track/4saHEjXw7O1NXJOzBkUKKG
A Tu Merced,Bad Bunny,Trap,79,86,89,79,https://i.scdn.co/image/ab67616d0000b273548f7ec52da7313de0c5e4a0,https://open.spotify.com/embed/track/4r9jkMEnArtWGH2rL2FZl0
Vete,Bad Bunny,Reguetón,68,89,53,96,https://i.scdn.co/image/ab67616d0000b273c016a0629154588021d76cd7,https://open.spotify.com/embed/track/5DxXgozhkPLgrbKFY91w0c
Soliá,Bad Bunny,Reguetón,81,71,19,65,https://i.scdn.co/image/ab67616d0000b273548f7ec52da7313de0c5e4a0,https://open.spotify.com/embed/track/7sOfmPd18RWp3FoCzpa7Kw
Bichiyal,Bad Bunny,Reguetón,77,74,66,74,https://i.scdn.co/image/ab67616d0000b273548f7ec52da7313de0c5e4a0,https://open.spotify.com/embed/track/4j4w4CXm6BSr0s25wAWrrX
La Santa,Bad Bunny,Reguetón,87,74,59,61,https://i.scdn.co/image/ab67616d0000b273548f7ec52da7313de0c5e4a0,https://open.spotify.com/embed/track/69vlMrzHwATKzupwNcUPyK
Pero Ya No,Bad Bunny,Trap,61,88,74,83,https://i.scdn.co/image/ab67616d0000b273548f7ec52da7313de0c5e4a0,https://open.spotify.com/embed/track/75pQqzwgCjUOSSy5CpmAjy
La Difícil,Bad Bunny,Reguetón,85,69,76,90,https://i.scdn.co/image/ab67616d0000b273548f7ec52da7313de0c5e4a0,https://open.spotify.com/embed/track/6NfrH0ANGmgBXyxgV2PeXt
Si Veo a Tu Mamá,Bad Bunny,Trap,60,90,83,98,https://i.scdn.co/image/ab67616d0000b273548f7ec52da7313de0c5e4a0,https://open.spotify.com/embed/track/41wtwzCZkXwpnakmwJ239F
SI ELLA SALE,Bad Bunny,Trap,73,87,92,95,https://i.scdn.co/image/ab67616d0000b273ae879683217d488c39600092,https://open.spotify.com/embed/track/1zaDh3qaGSeSmulNyWlUxm
BYE ME FUI,Bad Bunny,Reguetón,60,71,59,87,https://i.scdn.co/image/ab67616d0000b273ae879683217d488c39600092,https://open.spotify.com/embed/track/0FktnzDqjClqU6iqOZVEs2
PA ROMPERLA,Bad Bunny,Reguetón,83,77,70,96,https://i.scdn.co/image/ab67616d0000b273ae879683217d488c39600092,https://open.spotify.com/embed/track/5XqCz18k96K8tx6DAYM97i
BAD CON NICKY,Bad Bunny,Reguetón,73,59,71,88,https://i.scdn.co/image/ab67616d0000b273ae879683217d488c39600092,https://open.spotify.com/embed/track/5bmSver2b3ZXyuyLKtgnFI
BENDICIONES,Bad Bunny,Trap,58,83,84,97,https://i.scdn.co/image/ab67616d0000b273ae879683217d488c39600092,https://open.spotify.com/embed/track/2CoMYp2uIKsT09nreEZnZn
CÓMO SE SIENTE - Remix,Bad Bunny,Reguetón,62,81,35,96,https://i.scdn.co/image/ab67616d0000b273ae879683217d488c39600092,https://open.spotify.com/embed/track/2tFwfmceQa1Y6nRPhYbEtC
EN CASITA,Bad Bunny,Reguetón,76,78,68,89,https://i.scdn.co/image/ab67616d0000b273ae879683217d488c39600092,https://open.spotify.com/embed/track/2DhNdoHxavs7Qtf5MnhZD0
Tattoo - Remix,Rauw Alejandro,Pop,64,85,70,95,https://newsinamerica.com/pdcc/wp-content/uploads/2020/08/Rauw-Alejandro-y-Camilo.jpg,https://open.spotify.com/embed/track/4ZRrLHqzhGRXYj2qcB4s5S
Favorito,Camilo,Reguetón,85,61,82,89,https://i.scdn.co/image/ab67616d0000b273e8caaede0454ed3d397fd75b,https://open.spotify.com/embed/track/0Snbzbd74RLfL0i4nn1vU5
Ay DiOs Mío!,Karol G,Reguetón,71,72,53,87,https://i.scdn.co/image/ab67616d0000b273787fe606ce7ab74559ec541f,https://open.spotify.com/embed/track/7x4ASXYEKfQBCewcZhK776
Caramelo - Remix,Ozuna,Reguetón,77,76,59,88,https://i.scdn.co/image/ab67616d0000b273a00dc9d566a5168b94a6b993,https://open.spotify.com/embed/track/2uu2aGqA2UblCg581Q7l1g
Relación,Sech,Reguetón,57,81,77,76,https://i.scdn.co/image/ab67616d0000b273a00b470b311631817cc9fe93,https://open.spotify.com/embed/track/3ZG8N7aWw2meb6UrI5ZmnZ
Colocao,Nicki Nicole,Trap,71,81,58,68,https://i.pinimg.com/736x/5f/3b/45/5f3b4543ad331fc10b7b705310bea965.jpg,https://open.spotify.com/embed/track/7MCFjPDImfjQv7GynHgVrR
Dime Bbsita Remix,Robledo,Reguetón,73,80,77,65,https://i.scdn.co/image/ab67616d0000b27399b745b973ed8b0feb24b328,https://open.spotify.com/embed/track/7pW8587r5IVPB4SgxNaPgI
Relaciones,Lunay,Reguetón,79,68,79,56,https://i.scdn.co/image/ab67616d0000b2737b2b0878033f9207bdbd8e00,https://open.spotify.com/embed/track/2TL9UACmry1qTiurBc2PjV
CANGURO,WOS,Rap,75,60,93,92,https://i.pinimg.com/originals/f0/24/f5/f024f5bcaad11d3fa9ae11d8e1078e2f.jpg,https://open.spotify.com/embed/track/4wyNKAZe82BNlp2lHiR1FX
Fiebre (Prod),Bad Gyal,Trap,72,42,24,98,https://i.scdn.co/image/ab67616d0000b27389e3f61d79fedcd1d1e7ac81,https://open.spotify.com/embed/track/5xtxxuIqInrLDSfjA6Co3o
Antes de Morirme,C Tangana,Pop,50,87,13,87,https://lastfm.freetls.fastly.net/i/u/ar0/f5ba7ab35ca377e7922be49961940cc4.jpg,https://open.spotify.com/embed/track/7aFBy1CBLGnZE1Iv6TvEZE
Cae la Noche,Hard GZ,Rap,67,65,13,76,https://i.scdn.co/image/ab67616d0000b2730dd473ac4f086520c7fcc9a9,https://open.spotify.com/embed/track/5o7b90Y6y5kSrB15Tbjnip
Love,Hard GZ,Rap,47,56,32,81,https://i.scdn.co/image/ab67616d0000b273efb98c3ae1ad03d95e87f25c,https://open.spotify.com/embed/track/3wm27SCXXbKtLVv1B6JLFN
Experimento,Hard GZ,Rap,91,77,70,45,https://i.scdn.co/image/ab67616d0000b2730dd473ac4f086520c7fcc9a9,https://open.spotify.com/embed/track/4xBKcbhssZPlaMsBA1snUn
Bombay,Hard GZ,Rap,83,64,77,49,https://i.scdn.co/image/ab67616d0000b2732d6bfd5a9799f9d5c30d5631,https://open.spotify.com/embed/track/6L9GwFsIRglT4G01p9DjWe
Nictofilia,Hard GZ,Rap,72,71,57,51,https://i.scdn.co/image/9813c82d19ffe774f4117cd9968ea05c2dfc2f7e,https://open.spotify.com/embed/track/4b0w3YrS8Cyfqv4uiZvVdO
Narcolepsia,Fernandocosta,Rap,61,78,77,78,https://i.scdn.co/image/ab67616d0000b273faea8991944832c18a9483d9,https://open.spotify.com/embed/track/6tnl0gz73FCRz2kzWwdUUq
Pa que lo gocen,Fernandocosta,Rap,63,68,28,82,https://i.scdn.co/image/ab67616d0000b273faea8991944832c18a9483d9,https://open.spotify.com/embed/track/7BMdZsDXxPH6Db3Ug6A2q2
Malamanera,Fernandocosta,Rap,59,83,38,56,https://i.scdn.co/image/ab67616d0000b2732c8715f1eba04b8ef3d3ad47,https://open.spotify.com/embed/track/4YePGWYi0BlfbMMjcN1dr7
Lejos de Ti,Rels B,R&B,46,75,35,60,https://i.scdn.co/image/ab67616d0000b2735611181c2705eb383ba8ecfc,https://open.spotify.com/embed/track/1rDxSDjpyc0qBsWzWW7OnA
Look Alive,BlocBoy JB,Rap,58,92,59,76,https://i.scdn.co/image/ab67616d0000b27355cad990bc1ce5808367fa0e,https://open.spotify.com/embed/track/4qKcDkK6siZ7Jp1Jb4m0aL
Gods Plan,Drake,Hip Hop,44,75,31,55,https://i.scdn.co/image/ab67616d0000b273689b62c26ee70aa450cae449,https://open.spotify.com/embed/track/6T8cJz5lAqGer9GUHGyelE
Silence,Marshmello,Electronic,76,52,28,83,https://i.scdn.co/image/ab67616d0000b273f33ba583059dc2f7d08bf2b8,https://open.spotify.com/embed/track/7vGuf3Y35N4wmASOKLUVVU
Porno,Darnell Williams,Hip Hop,76,65,49,32,https://i.scdn.co/image/ab67616d0000b273e5dac8ce0456822230b86099,https://open.spotify.com/embed/track/4p8xmYWZ13cunhcpDMJK29
Dime Si Te Acuerdas,Bad Bunny,Reguetón,59,74,31,62,https://i.scdn.co/image/ab67616d0000b2732de3d89f99ddafb069403025,https://open.spotify.com/embed/track/49VSioK272TASR4r9vRTuP
Made in Taiwán,Rels B,R&B,48,89,61,60,https://i.scdn.co/image/ab67616d0000b273bd1c1a9f1501fe02baea9f95,https://open.spotify.com/embed/track/4Kt4CX4Y5cz5DDlF0yDNtt
Llorando en la Limo,C Tangana,Pop,41,72,37,63,https://i.scdn.co/image/ab67616d0000b273c2bb87a44849bc9f37645fc5,https://open.spotify.com/embed/track/3YURfhPPT7GipmI7pIj0m3
Dembow,Danny Ocean,Electropop,74,82,45,68,https://i.scdn.co/image/ab67616d0000b273418acc3f747c7a42f91c72c6,https://open.spotify.com/embed/track/2EzRdhuoPyNJDlep7lnNf2
Criminal,Natti Natasha,Reguetón,81,81,83,75,https://i.scdn.co/image/ab67616d0000b2735f3f4af0d3e662247a7d8cff,https://open.spotify.com/embed/track/6Za3190Sbw39BBC77WSS1C
Downtown,Anitta,Pop,67,75,61,73,https://i.scdn.co/image/ab67616d0000b2738c6b830c36c7b4ac43c3cee8,https://open.spotify.com/embed/track/3Ga6eKrUFf12ouh9Yw3v2D
Amorfoda,Bad Bunny,Electropop,43,74,25,84,https://i.scdn.co/image/ab67616d0000b273ffde74831eadc3cdccc02188,https://open.spotify.com/embed/track/3ITvHA9zhZZdBJsOsAUegF
Fiebre,Ricky Martin,Pop,84,74,62,56,https://i.scdn.co/image/ab67616d0000b273ed629f436d9c44e1cb240ce6,https://open.spotify.com/embed/track/0oFqlgK2LJ9eMlpGBCmRvf
Lo Malo,Aitana,Reguetón,73,71,78,56,https://i.scdn.co/image/ab67616d0000b273c99f58d4685a5f438e6c9167,https://open.spotify.com/embed/track/5bhDL4GgUvr5LBrpjqyrte
Lo siento,Beret,Pop,40,41,30,50,https://i.scdn.co/image/ab67616d0000b273bb15dcfd68d9c3e9e797b0c4,https://open.spotify.com/embed/track/7HNJNqsBZ7qc6UmYEq8bie
Suena El Dembow,Joey Montana,Hip Hop,85,68,69,41,https://i.scdn.co/image/ab67616d0000b273c8185c654dc0409609c5eb31,https://open.spotify.com/embed/track/5TysCiZtv1HnSWcTcUFusI
El Farsante - Remix,Ozuna,Reguetón,74,73,38,72,https://i.scdn.co/image/ab67616d0000b2739730f9b901c4ca652c0fd21b,https://open.spotify.com/embed/track/7uYgVgRSgqluZclLS7wpp4
Machika,J Balvin,Reguetón,83,61,53,31,https://i.scdn.co/image/ab67616d0000b2735b72e385b8296a8600016edd,https://open.spotify.com/embed/track/6MNGxu8MprKGkchUchkJsy
Me Rehúso,Danny Ocean,Reguetón,80,74,42,75,https://i.scdn.co/image/ab67616d0000b273a75bd33684083600569dd3bf,https://open.spotify.com/embed/track/6De0lHrwBfPfrhorm9q1Xl
Havana,Camila Cabello,Pop,52,76,39,82,https://i.scdn.co/image/ab67616d0000b2736eb0b9e73adcf04e4ed3eca4,https://open.spotify.com/embed/track/1rfofaqEpACxVEHIZBJe6W
Sensualidad,Bad Bunny,Reguetón,68,80,67,73,https://i.scdn.co/image/ab67616d0000b273c0ca1263b2966ddff794d3bb,https://open.spotify.com/embed/track/5hcisvFMidkMJlElTO9Qmw
La Modelo,Ozuna,Reguetón,73,82,78,51,https://i.scdn.co/image/ab67616d0000b27379b9a937f463259abdb90613,https://open.spotify.com/embed/track/2m2ZGfJcs3lHWNPzhWH3XH
Sin Pijama,Becky G,Reguetón,74,79,82,73,https://i.scdn.co/image/ab67616d0000b2734661cf765439018ebb7e0009,https://open.spotify.com/embed/track/2ijef6ni2amuunRoKTlgww
The Greatest Show,Hugh Jackman,Pop,84,41,40,76,https://i.scdn.co/image/ab67616d0000b273128057b40732c042c86de1dd,https://open.spotify.com/embed/track/4ylWMuGbMXNDgDd8lErEle
Dieciocho,Dani Martín,Pop,88,51,63,57,https://i.scdn.co/image/ab67616d0000b27315287ceace3d570a5491b834,https://open.spotify.com/embed/track/3nN5n70vM1tAMWBDZaRbxS
Te Dar um Beijo,Prince Royce,Bachata,69,70,92,28,https://i.scdn.co/image/ab67616d0000b273fecd9bf95605a4148ac63e91,https://open.spotify.com/embed/track/65wxyoSUJ0zMxqIlYJ7Lsl
Olha A Explosão - Remix,MC Kevinho,Rap,64,75,81,55,https://i.scdn.co/image/ab67616d0000b2736bc43d0b175db06cb2bf0ce4,https://open.spotify.com/embed/track/5RBW30fFFVav2n0IqFj0fY
FRIENDS,Marshmello,Electronic,88,62,53,82,https://i.scdn.co/image/ab67616d0000b273569f64493ca55cd96fdee412,https://open.spotify.com/embed/track/08bNPGLD8AhKpnnERrAc6G
Brillo,J Balvin,Rap,38,53,76,68,https://i.scdn.co/image/ab67616d0000b273dda2b86297d3bfb519f8b785,https://open.spotify.com/embed/track/3vgiIJW3iSQRRvgYiW86i9
Dicen,Matt Hunter,R&B,63,81,77,61,https://i.scdn.co/image/ab67616d0000b273608bd2fd0031396a73003c86,https://open.spotify.com/embed/track/4cfoVJxpHqUqTvBrG1RTyi
Duro y Suave,Leslie Grace,Electropop,71,76,61,66,https://i.scdn.co/image/ab67616d0000b273632c32a8edcfffecabcc7ab2,https://open.spotify.com/embed/track/31M5m42C3EGlbydf9XB5to
Dura - Remix,Daddy Yankee,Reguetón,83,77,85,69,https://i.scdn.co/image/ab67616d0000b2738a31cacc2818b37d9e4e4bdc,https://open.spotify.com/embed/track/6U2NuJILEOEpW2tVCuqKHb
Bella,Wolfine,Reguetón,49,90,84,68,https://i.scdn.co/image/ab67616d0000b27300f3f20aca8bce07b5e68af8,https://open.spotify.com/embed/track/3xcCix7Jv1Rp90YVmgo35D
Bella - Remix,Wolfine,Reguetón,47,91,87,63,https://i.scdn.co/image/ab67616d0000b2733eeda507c84ffc5066e5cae4,https://open.spotify.com/embed/track/0SaYeGhSXN0dDWstyNTQ56
BEBE,6ix9ine,Reguetón,90,63,28,75,https://i.scdn.co/image/ab67616d0000b273104271798dc8a150dcc7bee7,https://open.spotify.com/embed/track/7ATATJztoWLcqDAcVVof0C
Candela,Bad Gyal,Trap,81,69,47,49,https://i.scdn.co/image/ab67616d0000b273250a6de492482d5e25e881bd,https://open.spotify.com/embed/track/7AkGPjtb6YmEQLzYVjBHmC
Con Derecho a Roce,Ámbar Garcés,Reguetón,56,79,63,22,https://i.scdn.co/image/ab67616d0000b273d7a4f0cbc2531a93f99ec2d3,https://open.spotify.com/embed/track/3xEaXzumAyp16mZQMX2juC
Corazón,Maluma,Electropop,73,72,74,72,https://i.scdn.co/image/ab67616d0000b2739fa9c0acaf11becc12d22300,https://open.spotify.com/embed/track/5cepAtqnEQ6yVG6088zMMu
Ya No Quiero Ná,Lola Indigo,Electropop,46,84,36,55,https://i.scdn.co/image/ab67616d0000b273f02ac15e3b69d26c754f31d2,https://open.spotify.com/embed/track/2A2Q4CYBcVvBF2OqgJ3OWX
Estamos Bien,Bad Bunny,Trap,55,79,46,72,https://i.scdn.co/image/ab67616d0000b273110ef54c534277d7d7419491,https://open.spotify.com/embed/track/7glCSQqV5o6NU88Cn4zPZn
Guerrera,DELLAFUENTE,Pop,60,76,64,62,https://i.scdn.co/image/ab67616d0000b27318b889f066036c367fd7a4f3,https://open.spotify.com/embed/track/3Q6zROQvMXRtR9NYfDpNWL
In My Feelings,Drake,Rap,66,83,35,79,https://i.scdn.co/image/ab67616d0000b273f907de96b9a4fbc04accc0d5,https://open.spotify.com/embed/track/2G7V7zsVDxg1yRsu7Ew9RJ
Mayores,Becky G,Reguetón,85,74,87,91,https://i.scdn.co/image/ab67616d0000b273ba1e9f009b3b2b28c08b6118,https://open.spotify.com/embed/track/7JNh1cfm0eXjqFVOzKLyau
Ni La Hora,Ana Guerra,Reguetón,78,79,95,52,https://i.scdn.co/image/ab67616d0000b273d5ef0f307e2aa55aa252f385,https://open.spotify.com/embed/track/1he4G9w0zh5GokInpOSINW
Ficción,Costa,Rap,82,76,92,23,https://i.scdn.co/image/ab67616d0000b2735fdaa66938d6f5101561aa36,https://open.spotify.com/embed/track/4AJg5mpsG8tIFnI7vWiUhK
Mi Cama,KAROL G,Reguetón,85,82,68,62,https://i.scdn.co/image/ab67616d0000b273444b2dff2fee6318bca7279d,https://open.spotify.com/embed/track/7sFYVcKSb24qg0dAkqLEFj
Euromillón,Rels B,R&B,58,81,52,80,https://i.scdn.co/image/ab67616d0000b27381dcb70575068bc447a29fd0,https://open.spotify.com/embed/track/3PkLiVZFchdmUluS9QL8fv
Celoso,Lele Pons,Reguetón,70,74,67,68,https://i.scdn.co/image/ab67616d0000b2736765ce46c0ecce029a6c5ee0,https://open.spotify.com/embed/track/33zcmmElV1YbRZe57biUjg
La Cintura - Remix,Alvaro Soler,Pop,84,68,72,41,https://i.scdn.co/image/ab67616d0000b2734c1a726c65010095c8a0fcdd,https://open.spotify.com/embed/track/56gH0zGe3SP9SGNoQ2pWwn
X,Nicky Jam,Pop,77,59,71,55,https://i.scdn.co/image/ab67616d0000b27326ddcc42228a649e5fbe4350,https://open.spotify.com/embed/track/39N9RPD9MRb5WmoLzNzPeA
El Clavo,Prince Royce,Bachata,78,82,65,59,https://i.scdn.co/image/ab67616d0000b273747f20b674aaa47ce6b3491a,https://open.spotify.com/embed/track/0LKErfBZ5FbBiLB4OcZRbL
Vaina Loca,Ozuna,Reguetón,80,75,55,3,https://i.scdn.co/image/ab67616d0000b27379388b210d1b060dd5c6b2a2,https://open.spotify.com/embed/track/1s2B5cndbqK8rPJEIcKJRQ
Cuando Te Besé,Becky G,Trap,73,77,29,70,https://i.scdn.co/image/ab67616d0000b2734fc41c0d6dbcf2942af4ca00,https://open.spotify.com/embed/track/2XXMDz7SPZ4mSFN1PXfHUy
Bien Duro,C Tangana,Pop,67,84,69,62,https://i.scdn.co/image/ab67616d0000b2730f650d84ddbd11525ec6d1bf,https://open.spotify.com/embed/track/3joo84oco9CD4dBsKNWRRW
Déjala Que Baile,Melendi,Pop,77,83,59,64,https://i.scdn.co/image/ab67616d0000b27370d27389fbc39271b13a0602,https://open.spotify.com/embed/track/2KK9N6iBAisA0booTu3bGd
EL BAÑO,Enrique Iglesias,Reguetón,82,71,53,66,https://i.scdn.co/image/ab67616d0000b2737a201c3a7e4677711df31e57,https://open.spotify.com/embed/track/2vvdTrdryjsl8DmPIMDWZU
New Rules,Dua Lipa,Pop,70,76,60,81,https://i.scdn.co/image/ab67616d0000b2736b915e407b70e121e06fe979,https://open.spotify.com/embed/track/2ekn2ttSfGqwhhate0LSR0
Te Boté - Remix,Nio Garcia,Reguetón,67,90,44,78,https://i.scdn.co/image/ab67616d0000b273a5779a2f04a513fac2fd1d15,https://open.spotify.com/embed/track/3V8UKqhEK5zBkBb6d6ub8i
Mala Mía,Maluma,Reguetón,75,74,90,69,https://i.scdn.co/image/ab67616d0000b273ee306bc69ad7935bce38d94f,https://open.spotify.com/embed/track/62o8KoI44JfN7aYxgTnPvh
TELÉFONO,Aitana,Pop,82,69,56,56,https://i.scdn.co/image/ab67616d0000b273ab985f1ece630e42344a91f3,https://open.spotify.com/embed/track/5h8VHxOBK1VWWj46T8fSly
Jacaranda,Bad Gyal,Trap,68,51,51,52,https://i.scdn.co/image/ab67616d0000b2732db211b61ca3180ee812c34d,https://open.spotify.com/embed/track/0k5kd8IQULAW4hJBwndWs5
Kung Fu,Dasoul,Reguetón,80,82,55,54,https://i.scdn.co/image/ab67616d0000b27354bc42fbba97c6cdcfd618e5,https://open.spotify.com/embed/track/5bCqP8qJkx52Ntoe9VvxSe
Bad Romance,Lady Gaga,Pop,92,69,71,80,https://i.scdn.co/image/ab67616d0000b2735c9890c0456a3719eeecd8aa,https://open.spotify.com/embed/track/0SiywuOBRcynK0uKGWdCnn
Telephone,Lady Gaga,Pop,83,82,72,69,https://i.scdn.co/image/ab67616d0000b2735c9890c0456a3719eeecd8aa,https://open.spotify.com/embed/track/4TCL0qqKyqsMZml0G3M9IM
A Un Paso De La Luna,Ana Mena,Pop,77,74,95,79,https://i.scdn.co/image/ab67616d0000b27311dad34a786082593e21fc23,https://open.spotify.com/embed/track/7ql2RUmAmj36tkMUNWo7MT
Se iluminaba,Ana Mena,Pop,69,79,62,72,https://i.scdn.co/image/ab67616d0000b273c0cec5b5d4ce1b61f0158e24,https://open.spotify.com/embed/track/3VPOZWtj8mM89IiRNygxgS
Lovely,Billie Eilish,Pop,29,35,12,89,https://i.scdn.co/image/ab67616d0000b2738a3f0a3ca7929dea23cd274c,https://open.spotify.com/embed/track/0u2P5u6lvoDfwTYjAADbn4
Morado,J Balvin,Reguetón,68,88,78,74,https://i.scdn.co/image/ab67616d0000b27335692baca45542527d742d0d,https://open.spotify.com/embed/track/35KmOEIUqAGn02t7n4qaIr
Rojo,J Balvin,Rap,59,66,40,80,https://i.scdn.co/image/ab67616d0000b27335692baca45542527d742d0d,https://open.spotify.com/embed/track/380HmhwTE2NJgawn1NwkXi
Diosa,Myke Towers,Rap,74,80,24,82,https://i.scdn.co/image/ab67616d0000b273a01abf0f3b93ee5902fef2a7,https://open.spotify.com/embed/track/3JHpk0DOTOzyh0777JFAky
Girl,Myke Towers,Rap,71,73,69,77,https://i.scdn.co/image/ab67616d0000b273a01abf0f3b93ee5902fef2a7,https://open.spotify.com/embed/track/43NqTeL8pgBxKHPMiJKUP5
Blanco,J Balvin,Reguetón,69,87,69,70,https://i.scdn.co/image/ab67616d0000b27335692baca45542527d742d0d,https://open.spotify.com/embed/track/5pXy29xzxR3aTB0SYRI590
La Playa - Remix,Myke Towers,Reguetón,63,77,39,74,https://i.scdn.co/image/ab67616d0000b2730fe132fad23865f9a7626c25,https://open.spotify.com/embed/track/70zg99pT51vB4wlMS7e4q7
Él No Te Da,Dasoul,Trap,80,79,48,50,https://i.scdn.co/image/ab67616d0000b273fc4ceb4806dc18b24b72d1b2,https://open.spotify.com/embed/track/51AfjBNI5b6pQfusccce46
Vuela Corazón,Dasoul,Trap,68,66,29,46,https://i.scdn.co/image/ab67616d0000b27355dd3b383a47e7c10bfefcc9,https://open.spotify.com/embed/track/5JUQck3tWdZxpRkh1lIFpF
Don Juan,Fanny Lu,Pop,84,80,77,39,https://i.scdn.co/image/ab67616d0000b2732c47232853611230b07f4df2,https://open.spotify.com/embed/track/43Zi2u6wlkDlQ5bZYlPhL3
Propuesta Indecente,Romeo Santos,Bachata,65,76,78,12,https://i.scdn.co/image/ab67616d0000b2735600de85bbd89a844e2ba034,https://open.spotify.com/embed/track/6FwEmbPo3d3USlMzuulT69
Carita de Inocente,Prince Royce,Bachata,69,57,93,71,https://i.scdn.co/image/ab67616d0000b2736012de41ed6b520b025c389f,https://open.spotify.com/embed/track/30oZjF87SHCd0CE0ttGm5U
Darte un Beso,Prince Royce,Bachata,71,75,82,71,https://i.scdn.co/image/ab67616d0000b2739698eca2303d9c50b8974064,https://open.spotify.com/embed/track/6cJLfIqwh0tCKRjYM3WpZ5
Deja vu,Prince Royce,Bachata,80,73,82,68,https://i.scdn.co/image/ab67616d0000b2736c1180ae683cc09d840a9163,https://open.spotify.com/embed/track/46HdsiK0uR26B2dY9QPzda
Caminando por la vida,Melendi,Pop,86,69,71,63,https://i.scdn.co/image/ab67616d0000b273fdf0ca257453adac7d1167b2,https://open.spotify.com/embed/track/3v1dCP3hk2djfWryqfp7sx
Un violinista en tu tejado,Melendi,Pop,84,51,58,54,https://i.scdn.co/image/ab67616d0000b2733f39425dd684788ae6edb372,https://open.spotify.com/embed/track/62sv8pbKqGwVeN4F20DSXM
Cero,Dani Martín,Pop,68,49,36,58,https://i.scdn.co/image/ab67616d0000b27320a83b07c6ec4a24e0786051,https://open.spotify.com/embed/track/5vCgDt0CtheaWVKzMW5KkO
Que Bonita la Vida,Dani Martín,Pop,53,51,29,54,https://i.scdn.co/image/ab67616d0000b27320a83b07c6ec4a24e0786051,https://open.spotify.com/embed/track/2WWLoX6L5TJ2xvm2DRcK6B
Curiosa la cara de tu padre,Melendi,Pop,96,58,64,46,https://i.scdn.co/image/ab67616d0000b2733f39425dd684788ae6edb372,https://open.spotify.com/embed/track/6YLer7R2Aa8zJOnpL6kPQ8
La Curiosidad,Jay Wheeler,Reguetón,68,84,68,92,https://i.scdn.co/image/ab67616d0000b273509c45194c1ef6c1cb509e5d,https://open.spotify.com/embed/track/4HYDUMY0xSpeBr0AMY9cUz
