UserName,TrackName,ArtistName,Genre,Dni,Passw,Email
Alba Fernández,Call You Mine,The Chainsmokers,Edm,75632890T,alb123f,alba@mail.com
Alba Fernández,Caminando por la vida,Melendi,Pop,75632890T,alb123f,alba@mail.com
Alba Fernández,CANGURO,WOS,Rap,75632890T,alb123f,alba@mail.com
Alba Fernández,Con Altura,ROSALÍA,R&B,75632890T,alb123f,alba@mail.com
Alba Fernández,Cross Me,Ed Sheeran,Pop,75632890T,alb123f,alba@mail.com
Alba Fernández,Curiosa la cara de tu padre,Melendi,Pop,75632890T,alb123f,alba@mail.com
Alba Fernández,Déjala Que Baile,Melendi,Pop,75632890T,alb123f,alba@mail.com
Alba Fernández,Dieciocho,Dani Martín,Pop,75632890T,alb123f,alba@mail.com
Alba Fernández,Don Juan,Fanny Lu,Pop,75632890T,alb123f,alba@mail.com
Alba Fernández,Ficción,Costa,Rap,75632890T,alb123f,alba@mail.com
Alba Fernández,Happier,Marshmello,Electronic,75632890T,alb123f,alba@mail.com
Alba Fernández,La Curiosidad,Jay Wheeler,Reguetón,75632890T,alb123f,alba@mail.com
Alba Fernández,Mi Cama,KAROL G,Reguetón,75632890T,alb123f,alba@mail.com
Alba Fernández,Ni La Hora,Ana Guerra,Reguetón,75632890T,alb123f,alba@mail.com
Alba Fernández,One Thing Right,Marshmello,Electronic,75632890T,alb123f,alba@mail.com
Alba Fernández,Relaciones,Lunay,Reguetón,75632890T,alb123f,alba@mail.com
Alba Fernández,Talk,Khalid,Pop,75632890T,alb123f,alba@mail.com
Alba Fernández,Te Robaré,Nicky Jam,Reguetón,75632890T,alb123f,alba@mail.com
Alba Fernández,The Greatest Show,Hugh Jackman,Pop,75632890T,alb123f,alba@mail.com
Alba Fernández,Un violinista en tu tejado,Melendi,Pop,75632890T,alb123f,alba@mail.com
Álvaro Viso,Bad guy,Billie Eilish,Electropop,27369905E,Varo98v,varo@mail.com
Álvaro Viso,Beautiful People,Ed Sheeran,Pop,27369905E,Varo98v,varo@mail.com
Álvaro Viso,Boyfriend,Ariana Grande,Pop,27369905E,Varo98v,varo@mail.com
Álvaro Viso,Callaita,Bad Bunny,Reguetón,27369905E,Varo98v,varo@mail.com
Álvaro Viso,Goodbyes,Post Malone,Rap,27369905E,Varo98v,varo@mail.com
Álvaro Viso,How Do You Sleep?,Sam Smith,Pop,27369905E,Varo98v,varo@mail.com
Álvaro Viso,I Dont Care,Ed Sheeran,Pop,27369905E,Varo98v,varo@mail.com
Álvaro Viso,LA CANCIÓN,J Balvin,Reguetón,27369905E,Varo98v,varo@mail.com
Álvaro Viso,Lalala,Y2K,Hip Hop,27369905E,Varo98v,varo@mail.com
Álvaro Viso,Loco Contigo,DJ Snake,Pop,27369905E,Varo98v,varo@mail.com
Álvaro Viso,Money In The Grave,Drake,Hip Hop,27369905E,Varo98v,varo@mail.com
Álvaro Viso,No Guidance,Chris Brown,Pop,27369905E,Varo98v,varo@mail.com
Álvaro Viso,Old Town Road - Remix,Lil Nas X,Rap,27369905E,Varo98v,varo@mail.com
Álvaro Viso,Otro Trago - Remix,Sech,Reguetón,27369905E,Varo98v,varo@mail.com
Álvaro Viso,Ransom,Lil Tecca,Trap,27369905E,Varo98v,varo@mail.com
Álvaro Viso,Someone You Loved,Lewis Capaldi,Pop,27369905E,Varo98v,varo@mail.com
Álvaro Viso,Sunflower Remix,Post Malone,Rap,27369905E,Varo98v,varo@mail.com
Álvaro Viso,Truth Hurts,Lizzo,escape room,27369905E,Varo98v,varo@mail.com
Álvaro Viso,Él No Te Da,Dasoul,Trap,27369905E,Varo98v,varo@mail.com
Álvaro Viso,Relación,Sech,Reguetón,27369905E,Varo98v,varo@mail.com
Ana Pérez,A Un Paso De La Luna,Ana Mena,Pop,09238874E,Ponte22vedra,anap@mail.com
Ana Pérez,Bad Romance,Lady Gaga,Pop,09238874E,Ponte22vedra,anap@mail.com
Ana Pérez,Carita de Inocente,Prince Royce,Bachata,09238874E,Ponte22vedra,anap@mail.com
Ana Pérez,Darte un Beso,Prince Royce,Bachata,09238874E,Ponte22vedra,anap@mail.com
Ana Pérez,Deja vu,Prince Royce,Bachata,09238874E,Ponte22vedra,anap@mail.com
Ana Pérez,Dime Bbsita Remix,Robledo,Reguetón,09238874E,Ponte22vedra,anap@mail.com
Ana Pérez,Diosa,Myke Towers,Rap,09238874E,Ponte22vedra,anap@mail.com
Ana Pérez,Girl,Myke Towers,Rap,09238874E,Ponte22vedra,anap@mail.com
Ana Pérez,Jacaranda,Bad Gyal,Trap,09238874E,Ponte22vedra,anap@mail.com
Ana Pérez,Kung Fu,Dasoul,Reguetón,09238874E,Ponte22vedra,anap@mail.com
Ana Pérez,Lovely,Billie Eilish,Pop,09238874E,Ponte22vedra,anap@mail.com
Ana Pérez,Morado,J Balvin,Reguetón,09238874E,Ponte22vedra,anap@mail.com
Ana Pérez,Propuesta Indecente,Romeo Santos,Bachata,09238874E,Ponte22vedra,anap@mail.com
Ana Pérez,Relaciones,Lunay,Reguetón,09238874E,Ponte22vedra,anap@mail.com
Ana Pérez,Rojo,J Balvin,Rap,09238874E,Ponte22vedra,anap@mail.com
Ana Pérez,Se iluminaba,Ana Mena,Pop,09238874E,Ponte22vedra,anap@mail.com
Ana Pérez,Soliá,Bad Bunny,Reguetón,09238874E,Ponte22vedra,anap@mail.com
Ana Pérez,Telephone,Lady Gaga,Pop,09238874E,Ponte22vedra,anap@mail.com
Ana Pérez,Tusa,Karol G,Reguetón,09238874E,Ponte22vedra,anap@mail.com
Ana Pérez,Ya No Quiero Ná,Lola Indigo,Electropop,09238874E,Ponte22vedra,anap@mail.com
Andrés Campos,Ayer Me Llamó Mi Ex,Khea,Trap,19283374D,Nar33uto,andres@mail.com
Andrés Campos,Café,Duki,Trap,19283374D,Nar33uto,andres@mail.com
Andrés Campos,Changes,XXXTentacion,Trap,19283374D,Nar33uto,andres@mail.com
Andrés Campos,Gods Plan,Drake,Hip Hop,19283374D,Nar33uto,andres@mail.com
Andrés Campos,Goteo,Duki,Trap,19283374D,Nar33uto,andres@mail.com
Andrés Campos,Hello Cotto,Duki,Trap,19283374D,Nar33uto,andres@mail.com
Andrés Campos,Hitboy,Duki,Trap,19283374D,Nar33uto,andres@mail.com
Andrés Campos,Jocelyn Flores,XXXTentacion,Trap,19283374D,Nar33uto,andres@mail.com
Andrés Campos,Loca - Remix,Khea,Trap,19283374D,Nar33uto,andres@mail.com
Andrés Campos,Look Alive,BlocBoy JB,Rap,19283374D,Nar33uto,andres@mail.com
Andrés Campos,Look At Me!,XXXTentacion,Trap,19283374D,Nar33uto,andres@mail.com
Andrés Campos,Mamichula,Trueno,Trap,19283374D,Nar33uto,andres@mail.com
Andrés Campos,Money In The Grave,Drake,Hip Hop,19283374D,Nar33uto,andres@mail.com
Andrés Campos,Moonlight,XXXTentacion,Trap,19283374D,Nar33uto,andres@mail.com
Andrés Campos,No Me Llores,Duki,Trap,19283374D,Nar33uto,andres@mail.com
Andrés Campos,Porno,Darnell Williams,Hip Hop,19283374D,Nar33uto,andres@mail.com
Andrés Campos,Rockstar,Duki,Trap,19283374D,Nar33uto,andres@mail.com
Andrés Campos,SAD!,XXXTentacion,Trap,19283374D,Nar33uto,andres@mail.com
Andrés Campos,Sangría,Trueno,Trap,19283374D,Nar33uto,andres@mail.com
Andrés Campos,She Dont Give a Fo,Duki,Trap,19283374D,Nar33uto,andres@mail.com
Andrés Campos,Sold Out Dates,Duki,Trap,19283374D,Nar33uto,andres@mail.com
Antía Pérez,Amorfoda,Bad Bunny,Electropop,44892012S,leon2020a,antiapgg@mail.com
Antía Pérez,Ayer Me Llamó Mi Ex,Khea,Trap,44892012S,leon2020a,antiapgg@mail.com
Antía Pérez,Batmóvil - Remix,Hens,Rap,44892012S,leon2020a,antiapgg@mail.com
Antía Pérez,Cae la Noche,Hard GZ,Rap,44892012S,leon2020a,antiapgg@mail.com
Antía Pérez,Colocao,Nicki Nicole,Trap,44892012S,leon2020a,antiapgg@mail.com
Antía Pérez,Dakiti,Bad Bunny,Reguetón,44892012S,leon2020a,antiapgg@mail.com
Antía Pérez,Fiebre (Prod),Bad Gyal,Trap,44892012S,leon2020a,antiapgg@mail.com
Antía Pérez,Goteo,Duki,Trap,44892012S,leon2020a,antiapgg@mail.com
Antía Pérez,Hablamos Mañana,Bad Bunny,Trap,44892012S,leon2020a,antiapgg@mail.com
Antía Pérez,Llorando en la Limo,C Tangana,Pop,44892012S,leon2020a,antiapgg@mail.com
Antía Pérez,Look At Me!,XXXTentacion,Trap,44892012S,leon2020a,antiapgg@mail.com
Antía Pérez,Made in Taiwán,Rels B,R&B,44892012S,leon2020a,antiapgg@mail.com
Antía Pérez,Mamichula,Trueno,Trap,44892012S,leon2020a,antiapgg@mail.com
Antía Pérez,Narcolepsia,Fernandocosta,Rap,44892012S,leon2020a,antiapgg@mail.com
Antía Pérez,Nunca Estoy,C Tangana,Pop,44892012S,leon2020a,antiapgg@mail.com
Antía Pérez,Olha A Explosão - Remix,MC Kevinho,Rap,44892012S,leon2020a,antiapgg@mail.com
Antía Pérez,Safaera,Bad Bunny,Reguetón,44892012S,leon2020a,antiapgg@mail.com
Antía Pérez,She Dont Give a Fo,Duki,Trap,44892012S,leon2020a,antiapgg@mail.com
Antía Pérez,Sold Out Dates,Duki,Trap,44892012S,leon2020a,antiapgg@mail.com
Antía Pérez,Te Dar um Beijo,Prince Royce,Bachata,44892012S,leon2020a,antiapgg@mail.com
Antía Pérez,Tu Historia y la Mía,Hens,Rap,44892012S,leon2020a,antiapgg@mail.com
Antía Pérez,Tú Me Dejaste De Querer,C Tangana,Pop,44892012S,leon2020a,antiapgg@mail.com
Antía Pérez,Yo Perreo Sola,Bad Bunny,Reguetón,44892012S,leon2020a,antiapgg@mail.com
Carlota Duyos,BEBE,6ix9ine,Reguetón,78392251M,carlo123ta,lota22@mail.com
Carlota Duyos,Bella,Wolfine,Reguetón,78392251M,carlo123ta,lota22@mail.com
Carlota Duyos,Bella - Remix,Wolfine,Reguetón,78392251M,carlo123ta,lota22@mail.com
Carlota Duyos,Brillo,J Balvin,Rap,78392251M,carlo123ta,lota22@mail.com
Carlota Duyos,Candela,Bad Gyal,Trap,78392251M,carlo123ta,lota22@mail.com
Carlota Duyos,Cero,Dani Martín,Pop,78392251M,carlo123ta,lota22@mail.com
Carlota Duyos,Con Derecho a Roce,Ámbar Garcés,Reguetón,78392251M,carlo123ta,lota22@mail.com
Carlota Duyos,Corazón,Maluma,Electropop,78392251M,carlo123ta,lota22@mail.com
Carlota Duyos,Dicen,Matt Hunter,R&B,78392251M,carlo123ta,lota22@mail.com
Carlota Duyos,Downtown,Anitta,Pop,78392251M,carlo123ta,lota22@mail.com
Carlota Duyos,Dura - Remix,Daddy Yankee,Reguetón,78392251M,carlo123ta,lota22@mail.com
Carlota Duyos,Duro y Suave,Leslie Grace,Electropop,78392251M,carlo123ta,lota22@mail.com
Carlota Duyos,Ficción,Costa,Rap,78392251M,carlo123ta,lota22@mail.com
Carlota Duyos,La Cintura - Remix,Alvaro Soler,Pop,78392251M,carlo123ta,lota22@mail.com
Carlota Duyos,La Modelo,Ozuna,Reguetón,78392251M,carlo123ta,lota22@mail.com
Carlota Duyos,Lo Malo,Aitana,Reguetón,78392251M,carlo123ta,lota22@mail.com
Carlota Duyos,Lo siento,Beret,Pop,78392251M,carlo123ta,lota22@mail.com
Carlota Duyos,Que Bonita la Vida,Dani Martín,Pop,78392251M,carlo123ta,lota22@mail.com
Carlota Duyos,Sensualidad,Bad Bunny,Reguetón,78392251M,carlo123ta,lota22@mail.com
Carlota Duyos,Sin Pijama,Becky G,Reguetón,78392251M,carlo123ta,lota22@mail.com
Darío Cantón,Bombay,Hard GZ,Rap,57831990F,festarachada,dcg@mail.com
Darío Cantón,Cae la Noche,Hard GZ,Rap,57831990F,festarachada,dcg@mail.com
Darío Cantón,Colocao,Nicki Nicole,Trap,57831990F,festarachada,dcg@mail.com
Darío Cantón,Don Juan,Fanny Lu,Reguetón,57831990F,festarachada,dcg@mail.com
Darío Cantón,Experimento,Hard GZ,Rap,57831990F,festarachada,dcg@mail.com
Darío Cantón,Lejos de Ti,Rels B,R&B,57831990F,festarachada,dcg@mail.com
Darío Cantón,Look Alive,BlocBoy JB,Rap,57831990F,festarachada,dcg@mail.com
Darío Cantón,Love,Hard GZ,Rap,57831990F,festarachada,dcg@mail.com
Darío Cantón,Malamanera,Fernandocosta,Rap,57831990F,festarachada,dcg@mail.com
Darío Cantón,Narcolepsia,Fernandocosta,Rap,57831990F,festarachada,dcg@mail.com
Darío Cantón,Nictofilia,Hard GZ,Rap,57831990F,festarachada,dcg@mail.com
Darío Cantón,Pa que lo gocen,Fernandocosta,Rap,57831990F,festarachada,dcg@mail.com
Darío Cantón,Porno,Darnell Williams,Hip Hop,57831990F,festarachada,dcg@mail.com
Darío Cantón,Batmóvil - Remix,Hens,Rap,57831990F,festarachada,dcg@mail.com
Darío Cantón,Cae la Noche,Hard GZ,Rap,57831990F,festarachada,dcg@mail.com
Darío Cantón,Café,Duki,Trap,57831990F,festarachada,dcg@mail.com
Darío Cantón,Bombay,Hard GZ,Rap,57831990F,festarachada,dcg@mail.com
Darío Cantón,CANGURO,WOS,Rap,57831990F,festarachada,dcg@mail.com
Darío Cantón,Estamos Bien,Bad Bunny,Trap,57831990F,festarachada,dcg@mail.com
Darío Cantón,In My Feelings,Drake,Rap,57831990F,festarachada,dcg@mail.com
Elisa Conde,Bad Romance,Lady Gaga,Pop,71618375P,srtahobbit,lily@mail.com
Elisa Conde,Criminal,Natti Natasha,Reguetón,71618375P,srtahobbit,lily@mail.com
Elisa Conde,Don Juan,Fanny Lu,Reguetón,71618375P,srtahobbit,lily@mail.com
Elisa Conde,Fiebre (Prod),Bad Gyal,Trap,71618375P,srtahobbit,lily@mail.com
Elisa Conde,Hablamos Mañana,Bad Bunny,Trap,71618375P,srtahobbit,lily@mail.com
Elisa Conde,Havana,Camila Cabello,Pop,71618375P,srtahobbit,lily@mail.com
Elisa Conde,Mayores,Becky G,Reguetón,71618375P,srtahobbit,lily@mail.com
Elisa Conde,Me Rehúso,Danny Ocean,Reguetón,71618375P,srtahobbit,lily@mail.com
Elisa Conde,Moonlight,XXXTentacion,Trap,71618375P,srtahobbit,lily@mail.com
Elisa Conde,Never Really Over,Katy Perry,Pop,71618375P,srtahobbit,lily@mail.com
Elisa Conde,SAD!,XXXTentacion,Trap,71618375P,srtahobbit,lily@mail.com
Elisa Conde,Safaera,Bad Bunny,Reguetón,71618375P,srtahobbit,lily@mail.com
Elisa Conde,Señorita,Shawn Mendes,Pop,71618375P,srtahobbit,lily@mail.com
Elisa Conde,Shallow,Lady Gaga,Pop,71618375P,srtahobbit,lily@mail.com
Elisa Conde,Sin Pijama,Becky G,Reguetón,71618375P,srtahobbit,lily@mail.com
Elisa Conde,Sucker,Jonas Brothers,Pop,71618375P,srtahobbit,lily@mail.com
Elisa Conde,TELÉFONO,Aitana,Pop,71618375P,srtahobbit,lily@mail.com
Elisa Conde,Telephone,Lady Gaga,Pop,71618375P,srtahobbit,lily@mail.com
Elisa Conde,Yo Perreo Sola,Bad Bunny,Reguetón,71618375P,srtahobbit,lily@mail.com
Elisa Conde,You Need To Calm Down,Taylor Swift,Pop,71618375P,srtahobbit,lily@mail.com
Emma Vázquez,Brillo,J Balvin,Rap,88467109Q,lp90holi,emmy@mail.com
Emma Vázquez,Call You Mine,The Chainsmokers,Edm,88467109Q,lp90holi,emmy@mail.com
Emma Vázquez,Con Altura,ROSALÍA,R&B,88467109Q,lp90holi,emmy@mail.com
Emma Vázquez,Cross Me,Ed Sheeran,Pop,88467109Q,lp90holi,emmy@mail.com
Emma Vázquez,Dicen,Matt Hunter,R&B,88467109Q,lp90holi,emmy@mail.com
Emma Vázquez,FRIENDS,Marshmello,Electronic,88467109Q,lp90holi,emmy@mail.com
Emma Vázquez,Fuck im lonely,Lauv,Pop,88467109Q,lp90holi,emmy@mail.com
Emma Vázquez,Guerrera,DELLAFUENTE,Pop,88467109Q,lp90holi,emmy@mail.com
Emma Vázquez,Relación,Sech,Reguetón,88467109Q,lp90holi,emmy@mail.com
Emma Vázquez,Happier,Marshmello,Electronic,88467109Q,lp90holi,emmy@mail.com
Emma Vázquez,Higher Love,Kygo,Edm,88467109Q,lp90holi,emmy@mail.com
Emma Vázquez,Sucker,Jonas Brothers,Pop,88467109Q,lp90holi,emmy@mail.com
Emma Vázquez,One Thing Right,Marshmello,Electronic,88467109Q,lp90holi,emmy@mail.com
Emma Vázquez,Shallow,Lady Gaga,Pop,88467109Q,lp90holi,emmy@mail.com
Emma Vázquez,Silence,Marshmello,Electronic,88467109Q,lp90holi,emmy@mail.com
Emma Vázquez,Summer Days,Martin Garrix,Electronic,88467109Q,lp90holi,emmy@mail.com
Emma Vázquez,Talk,Khalid,Pop,88467109Q,lp90holi,emmy@mail.com
Emma Vázquez,Te Robaré,Nicky Jam,Reguetón,88467109Q,lp90holi,emmy@mail.com
Emma Vázquez,The Greatest Show,Hugh Jackman,Pop,88467109Q,lp90holi,emmy@mail.com
Emma Vázquez,Tu Historia y la Mía,Hens,Rap,88467109Q,lp90holi,emmy@mail.com
Emma Vázquez,You Need To Calm Down,Taylor Swift,Pop,88467109Q,lp90holi,emmy@mail.com
Guillermo Pardo,11PM,Maluma,Reguetón,33421290Y,madrid2010d,guille@mail.com
Guillermo Pardo,Batmóvil - Remix,Hens,Rap,33421290Y,madrid2010d,guille@mail.com
Guillermo Pardo,Call You Mine,The Chainsmokers,Edm,33421290Y,madrid2010d,guille@mail.com
Guillermo Pardo,Cross Me,Ed Sheeran,Pop,33421290Y,madrid2010d,guille@mail.com
Guillermo Pardo,Demasiadas Mujeres,C Tangana,Pop,33421290Y,madrid2010d,guille@mail.com
Guillermo Pardo,Euromillón,Rels B,R&B,33421290Y,madrid2010d,guille@mail.com
Guillermo Pardo,Happier,Marshmello,Electronic,33421290Y,madrid2010d,guille@mail.com
Guillermo Pardo,Llorando en la Limo,C Tangana,Pop,33421290Y,madrid2010d,guille@mail.com
Guillermo Pardo,Loco - Remix,Farruko,Reguetón,33421290Y,madrid2010d,guille@mail.com
Guillermo Pardo,Mi huella,Ptazeta,Pop,33421290Y,madrid2010d,guille@mail.com
Guillermo Pardo,Never Really Over,Katy Perry,Pop,33421290Y,madrid2010d,guille@mail.com
Guillermo Pardo,Nunca Estoy,C Tangana,Pop,33421290Y,madrid2010d,guille@mail.com
Guillermo Pardo,One Thing Right,Marshmello,Electronic,33421290Y,madrid2010d,guille@mail.com
Guillermo Pardo,Otro Trago,Sech,Reguetón,33421290Y,madrid2010d,guille@mail.com
Guillermo Pardo,Propuesta Indecente,Romeo Santos,Bachata,33421290Y,madrid2010d,guille@mail.com
Guillermo Pardo,Sin Culpa,Duki,Trap,33421290Y,madrid2010d,guille@mail.com
Guillermo Pardo,Summer Days,Martin Garrix,Electronic,33421290Y,madrid2010d,guille@mail.com
Guillermo Pardo,Te Robaré,Nicky Jam,Reguetón,33421290Y,madrid2010d,guille@mail.com
Guillermo Pardo,The London,Young Thug,Hip Hop,33421290Y,madrid2010d,guille@mail.com
Guillermo Pardo,Tú Me Dejaste De Querer,C Tangana,Pop,33421290Y,madrid2010d,guille@mail.com
Héctor Merayo,11PM,Maluma,Reguetón,64528905F,mg78gggg,hector@mail.com
Héctor Merayo,7 rings,Ariana Grande,Pop,64528905F,mg78gggg,hector@mail.com
Héctor Merayo,Con Calma,Daddy Yankee,Reguetón,64528905F,mg78gggg,hector@mail.com
Héctor Merayo,Dance Monkey,Tones and I,Pop,64528905F,mg78gggg,hector@mail.com
Héctor Merayo,If I Cant Have You,Shawn Mendes,Pop,64528905F,mg78gggg,hector@mail.com
Héctor Merayo,Its You,Ali Gatie,Hip Hop,64528905F,mg78gggg,hector@mail.com
Héctor Merayo,Never Really Over,Katy Perry,Pop,64528905F,mg78gggg,hector@mail.com
Héctor Merayo,No Me Conoce - Remix,Jhay Cortez,Reguetón,64528905F,mg78gggg,hector@mail.com
Héctor Merayo,Otro Trago,Sech,Reguetón,64528905F,mg78gggg,hector@mail.com
Héctor Merayo,Panini,Lil Nas X,Rap,64528905F,mg78gggg,hector@mail.com
Héctor Merayo,Piece Of Your Heart,MEDUZA,Pop house,64528905F,mg78gggg,hector@mail.com
Héctor Merayo,QUE PRETENDES,J Balvin,Reguetón,64528905F,mg78gggg,hector@mail.com
Héctor Merayo,Soltera - Remix,Lunay,Reguetón,64528905F,mg78gggg,hector@mail.com
Héctor Merayo,Summer Days,Martin Garrix,Electronic,64528905F,mg78gggg,hector@mail.com
Héctor Merayo,Takeaway,The Chainsmokers,Edm,64528905F,mg78gggg,hector@mail.com
Héctor Merayo,The London,Young Thug,Hip Hop,64528905F,mg78gggg,hector@mail.com
Héctor Merayo,Fiebre,Ricky Martin,Pop,64528905F,mg78gggg,hector@mail.com
Héctor Merayo,Vuela Corazón,Dasoul,Trap,64528905F,mg78gggg,hector@mail.com
Héctor Merayo,Sunflower Remix,Post Malone,Rap,64528905F,mg78gggg,hector@mail.com
Héctor Merayo,Takeaway,The Chainsmokers,Edm,64528905F,mg78gggg,hector@mail.com
Iker Jiménez,Amorfoda,Bad Bunny,Electropop,11902874J,123hdga,iker@mail.com
Iker Jiménez,Candela,Bad Gyal,Trap,11902874J,123hdga,iker@mail.com
Iker Jiménez,Dakiti,Bad Bunny,Reguetón,11902874J,123hdga,iker@mail.com
Iker Jiménez,Dicen,Matt Hunter,R&B,11902874J,123hdga,iker@mail.com
Iker Jiménez,Dime Bbsita Remix,Robledo,Reguetón,11902874J,123hdga,iker@mail.com
Iker Jiménez,Fiebre (Prod),Bad Gyal,Trap,11902874J,123hdga,iker@mail.com
Iker Jiménez,Jacaranda,Bad Gyal,Trap,11902874J,123hdga,iker@mail.com
Iker Jiménez,Safaera,Bad Bunny,Reguetón,11902874J,123hdga,iker@mail.com
Iker Jiménez,Yo Perreo Sola,Bad Bunny,Reguetón,11902874J,123hdga,iker@mail.com
Iker Jiménez,Antes de Morirme,C Tangana,Pop,11902874J,123hdga,iker@mail.com
Iker Jiménez,Antisocial,Ed Sheeran,Pop,11902874J,123hdga,iker@mail.com
Iker Jiménez,Beautiful People,Ed Sheeran,Pop,11902874J,123hdga,iker@mail.com
Iker Jiménez,Bella,Wolfine,Reguetón,11902874J,123hdga,iker@mail.com
Iker Jiménez,Bella - Remix,Wolfine,Reguetón,11902874J,123hdga,iker@mail.com
Iker Jiménez,BENDICIONES,Bad Bunny,Trap,11902874J,123hdga,iker@mail.com
Iker Jiménez,Bichiyal,Bad Bunny,Reguetón,11902874J,123hdga,iker@mail.com
Iker Jiménez,Bien Duro,C Tangana,Pop,11902874J,123hdga,iker@mail.com
Iker Jiménez,China,Anuel AA,Reguetón,11902874J,123hdga,iker@mail.com
Iker Jiménez,Dembow,Danny Ocean,Electropop,11902874J,123hdga,iker@mail.com
Iker Jiménez,Dime Si Te Acuerdas,Bad Bunny,Reguetón,11902874J,123hdga,iker@mail.com
Juan Nodar,Bien Duro,C Tangana,Pop,90094831X,nodar9009F,jnodarc@mail.com
Juan Nodar,Blanco,J Balvin,Reguetón,90094831X,nodar9009F,jnodarc@mail.com
Juan Nodar,Celoso,Lele Pons,Reguetón,90094831X,nodar9009F,jnodarc@mail.com
Juan Nodar,Cuando Te Besé,Becky G,Trap,90094831X,nodar9009F,jnodarc@mail.com
Juan Nodar,Déjala Que Baile,Melendi,Pop,90094831X,nodar9009F,jnodarc@mail.com
Juan Nodar,EL BAÑO,Enrique Iglesias,Reguetón,90094831X,nodar9009F,jnodarc@mail.com
Juan Nodar,El Clavo,Prince Royce,Bachata,90094831X,nodar9009F,jnodarc@mail.com
Juan Nodar,El Farsante - Remix,Ozuna,Reguetón,90094831X,nodar9009F,jnodarc@mail.com
Juan Nodar,Girl,Myke Towers,Rap,90094831X,nodar9009F,jnodarc@mail.com
Juan Nodar,Havana,Camila Cabello,Pop,90094831X,nodar9009F,jnodarc@mail.com
Juan Nodar,La Cintura - Remix,Alvaro Soler,Pop,90094831X,nodar9009F,jnodarc@mail.com
Juan Nodar,Lo siento,Beret,Pop,90094831X,nodar9009F,jnodarc@mail.com
Juan Nodar,Lovely,Billie Eilish,Pop,90094831X,nodar9009F,jnodarc@mail.com
Juan Nodar,Machika,J Balvin,Reguetón,90094831X,nodar9009F,jnodarc@mail.com
Juan Nodar,Mala Mía,Maluma,Reguetón,90094831X,nodar9009F,jnodarc@mail.com
Juan Nodar,Me Rehúso,Danny Ocean,Reguetón,90094831X,nodar9009F,jnodarc@mail.com
Juan Nodar,New Rules,Dua Lipa,Pop,90094831X,nodar9009F,jnodarc@mail.com
Juan Nodar,Suena El Dembow,Joey Montana,Hip Hop,90094831X,nodar9009F,jnodarc@mail.com
Juan Nodar,Te Boté - Remix,Nio Garcia,Reguetón,90094831X,nodar9009F,jnodarc@mail.com
Juan Nodar,Vaina Loca,Ozuna,Reguetón,90094831X,nodar9009F,jnodarc@mail.com
Juan Nodar,X,Nicky Jam,Pop,90094831X,nodar9009F,jnodarc@mail.com
María Gazapo,7 rings,Ariana Grande,Pop,65667890Z,Maripuri,maria@mail.com
María Gazapo,A Un Paso De La Luna,Ana Mena,Pop,65667890Z,Maripuri,maria@mail.com
María Gazapo,Ay DiOs Mío!,Karol G,Reguetón,65667890Z,Maripuri,maria@mail.com
María Gazapo,Ayer Me Llamó Mi Ex,Khea,Trap,65667890Z,Maripuri,maria@mail.com
María Gazapo,Caramelo - Remix,Ozuna,Reguetón,65667890Z,Maripuri,maria@mail.com
María Gazapo,Cero,Dani Martín,Pop,65667890Z,Maripuri,maria@mail.com
María Gazapo,Dakiti,Bad Bunny,Reguetón,65667890Z,Maripuri,maria@mail.com
María Gazapo,Dieciocho,Dani Martín,Pop,65667890Z,Maripuri,maria@mail.com
María Gazapo,Favorito,Camilo,Reguetón,65667890Z,Maripuri,maria@mail.com
María Gazapo,Hawái,Maluma,Pop,65667890Z,Maripuri,maria@mail.com
María Gazapo,Lo Malo,Aitana,Reguetón,65667890Z,Maripuri,maria@mail.com
María Gazapo,Lo siento,Beret,Pop,65667890Z,Maripuri,maria@mail.com
María Gazapo,Mala Mía,Maluma,Reguetón,65667890Z,Maripuri,maria@mail.com
María Gazapo,Morado,J Balvin,Reguetón,65667890Z,Maripuri,maria@mail.com
María Gazapo,Never Really Over,Katy Perry,Pop,65667890Z,Maripuri,maria@mail.com
María Gazapo,Que Bonita la Vida,Dani Martín,Pop,65667890Z,Maripuri,maria@mail.com
María Gazapo,Se iluminaba,Ana Mena,Pop,65667890Z,Maripuri,maria@mail.com
María Gazapo,Tattoo - Remix,Rauw Alejandro,Pop,65667890Z,Maripuri,maria@mail.com
María Gazapo,Tusa,Karol G,Reguetón,65667890Z,Maripuri,maria@mail.com
María Gazapo,Ya No Quiero Ná,Lola Indigo,Electropop,65667890Z,Maripuri,maria@mail.com
Raquel Collantes,Bad Romance,Lady Gaga,Pop,11239804L,mafalda99A,raquel@mail.com
Raquel Collantes,BEBE,6ix9ine,Reguetón,11239804L,mafalda99A,raquel@mail.com
Raquel Collantes,Candela,Bad Gyal,Trap,11239804L,mafalda99A,raquel@mail.com
Raquel Collantes,Caramelo - Remix,Ozuna,Reguetón,11239804L,mafalda99A,raquel@mail.com
Raquel Collantes,Cero,Dani Martín,Pop,11239804L,mafalda99A,raquel@mail.com
Raquel Collantes,Dakiti,Bad Bunny,Reguetón,11239804L,mafalda99A,raquel@mail.com
Raquel Collantes,Dime Bbsita Remix,Robledo,Reguetón,11239804L,mafalda99A,raquel@mail.com
Raquel Collantes,Diosa,Myke Towers,Rap,11239804L,mafalda99A,raquel@mail.com
Raquel Collantes,Don Juan,Fanny Lu,Reguetón,11239804L,mafalda99A,raquel@mail.com
Raquel Collantes,Favorito,Camilo,Reguetón,11239804L,mafalda99A,raquel@mail.com
Raquel Collantes,Fiebre (Prod),Bad Gyal,Trap,11239804L,mafalda99A,raquel@mail.com
Raquel Collantes,Hasta Que Dios Diga,Anuel AA,Reguetón,11239804L,mafalda99A,raquel@mail.com
Raquel Collantes,Jacaranda,Bad Gyal,Trap,11239804L,mafalda99A,raquel@mail.com
Raquel Collantes,Propuesta Indecente,Romeo Santos,Bachata,11239804L,mafalda99A,raquel@mail.com
Raquel Collantes,Que Bonita la Vida,Dani Martín,Pop,11239804L,mafalda99A,raquel@mail.com
Raquel Collantes,Relaciones,Lunay,Reguetón,11239804L,mafalda99A,raquel@mail.com
Raquel Collantes,La Playa - Remix,Myke Towers,Reguetón,11239804L,mafalda99A,raquel@mail.com
Raquel Collantes,Telephone,Lady Gaga,Pop,11239804L,mafalda99A,raquel@mail.com
Raquel Collantes,The Greatest Show,Hugh Jackman,Pop,11239804L,mafalda99A,raquel@mail.com
Raquel Collantes,Yo Perreo Sola,Bad Bunny,Reguetón,11239804L,mafalda99A,raquel@mail.com
Rodrigo Casas,<3,Bad Bunny,Trap,99827645N,rey78Casa,rodricr@mail.com
Rodrigo Casas,A Tu Merced,Bad Bunny,Trap,99827645N,rey78Casa,rodricr@mail.com
Rodrigo Casas,BAD CON NICKY,Bad Bunny,Reguetón,99827645N,rey78Casa,rodricr@mail.com
Rodrigo Casas,BENDICIONES,Bad Bunny,Trap,99827645N,rey78Casa,rodricr@mail.com
Rodrigo Casas,Bichiyal,Bad Bunny,Reguetón,99827645N,rey78Casa,rodricr@mail.com
Rodrigo Casas,BYE ME FUI,Bad Bunny,Reguetón,99827645N,rey78Casa,rodricr@mail.com
Rodrigo Casas,CÓMO SE SIENTE - Remix,Bad Bunny,Reguetón,99827645N,rey78Casa,rodricr@mail.com
Rodrigo Casas,EN CASITA,Bad Bunny,Reguetón,99827645N,rey78Casa,rodricr@mail.com
Rodrigo Casas,Está Cabrón Ser Yo,Bad Bunny,Trap,99827645N,rey78Casa,rodricr@mail.com
Rodrigo Casas,Ignorantes,Bad Bunny,Reguetón,99827645N,rey78Casa,rodricr@mail.com
Rodrigo Casas,La Difícil,Bad Bunny,Reguetón,99827645N,rey78Casa,rodricr@mail.com
Rodrigo Casas,La Santa,Bad Bunny,Reguetón,99827645N,rey78Casa,rodricr@mail.com
Rodrigo Casas,PA ROMPERLA,Bad Bunny,Reguetón,99827645N,rey78Casa,rodricr@mail.com
Rodrigo Casas,Pero Ya No,Bad Bunny,Trap,99827645N,rey78Casa,rodricr@mail.com
Rodrigo Casas,Propuesta Indecente,Romeo Santos,Bachata,99827645N,rey78Casa,rodricr@mail.com
Rodrigo Casas,SI ELLA SALE,Bad Bunny,Trap,99827645N,rey78Casa,rodricr@mail.com
Rodrigo Casas,Si Veo a Tu Mamá,Bad Bunny,Trap,99827645N,rey78Casa,rodricr@mail.com
Rodrigo Casas,Soliá,Bad Bunny,Reguetón,99827645N,rey78Casa,rodricr@mail.com
Rodrigo Casas,Vete,Bad Bunny,Reguetón,99827645N,rey78Casa,rodricr@mail.com
Rodrigo Casas,Vaina Loca,Ozuna,Reguetón,99827645N,rey78Casa,rodricr@mail.com
